"Time (s)","Latitude (°)","Longitude (°)","Altitude (m)","Altitude WGS84 (m)","Speed (m/s)","Direction (°)","Distance (km)","Horizontal Accuracy (m)","Vertical Accuracy (m)","Satellites"
6.688125000E-3,3.621198840E1,-8.168044200E1,9.713334903E2,9.390999756E2,NaN,NaN,1.830173011E-2,5.948899841E1,8.316630363E0,-1.000000000E0
2.309468384E0,3.621211038E1,-8.168057896E1,9.557448923E2,9.235114746E2,1.820000052E0,3.447000122E2,2.052140162E-2,1.594531536E1,2.236381721E1,1.200000000E1
3.308960415E0,3.621211548E1,-8.168055504E1,9.596737423E2,9.274403076E2,1.230000019E0,3.437999878E2,2.249721548E-2,1.082917786E1,1.611322021E1,1.500000000E1
4.309674477E0,3.621211609E1,-8.168053303E1,9.593022980E2,9.270688477E2,1.000000000E0,3.425000000E2,2.440918282E-2,8.559189796E0,1.293679619E1,1.900000000E1
5.308983591E0,3.621211937E1,-8.168051211E1,9.619121761E2,9.296787109E2,1.519999981E0,3.452999878E2,2.527482794E-2,7.529231071E0,1.185317993E1,2.000000000E1
6.309706716E0,3.621212587E1,-8.168050680E1,9.605167942E2,9.282833252E2,1.220000029E0,3.391000061E2,2.716329252E-2,6.521246433E0,1.036774063E1,2.000000000E1
7.309452288E0,3.621214028E1,-8.168051794E1,9.575371721E2,9.253037109E2,1.860000014E0,3.317000122E2,2.865441165E-2,6.012215137E0,9.514204025E0,2.000000000E1
8.309035413E0,3.621215242E1,-8.168052500E1,9.582667813E2,9.260333252E2,1.429999948E0,3.335000000E2,3.004715502E-2,5.829070568E0,8.989272118E0,2.100000000E1
9.308931975E0,3.621216364E1,-8.168053190E1,9.580841593E2,9.258507080E2,1.549999952E0,3.351000061E2,3.165174643E-2,5.528188705E0,7.954216957E0,2.000000000E1
1.030902072E1,3.621217709E1,-8.168053838E1,9.563850580E2,9.241516113E2,1.529999971E0,3.426000061E2,3.303859755E-2,4.998878479E0,7.327871799E0,1.900000000E1
1.130896651E1,3.621218907E1,-8.168054268E1,9.583026576E2,9.260692139E2,1.549999952E0,3.426000061E2,3.421506157E-2,4.689992428E0,6.728457928E0,1.600000000E1
1.230911265E1,3.621219962E1,-8.168054367E1,9.577587116E2,9.255252686E2,1.139999986E0,3.507000122E2,3.524434267E-2,4.905109406E0,6.602101326E0,1.600000000E1
1.330896822E1,3.621220870E1,-8.168054144E1,9.585034642E2,9.262700195E2,1.159999967E0,3.556000061E2,3.649247166E-2,5.276150227E0,6.545789719E0,1.500000000E1
1.430879968E1,3.621221969E1,-8.168053861E1,9.592334467E2,9.270000000E2,1.389999986E0,1.600000024E0,3.781052731E-2,5.585690022E0,6.465393066E0,1.500000000E1
1.530922187E1,3.621223154E1,-8.168053825E1,9.600781735E2,9.278447266E2,1.450000048E0,3.556000061E2,3.920414172E-2,6.242467880E0,6.434868813E0,1.500000000E1
1.630891796E1,3.621224308E1,-8.168054431E1,9.591787552E2,9.269453125E2,1.509999990E0,3.417999878E2,4.050440287E-2,6.660322666E0,6.445679188E0,1.600000000E1
1.730953854E1,3.621225028E1,-8.168055573E1,9.591217402E2,9.268883057E2,1.480000019E0,3.277999878E2,4.191460741E-2,7.287092686E0,6.519713879E0,1.600000000E1
1.830894197E1,3.621226104E1,-8.168056405E1,9.593943174E2,9.271608887E2,1.620000005E0,3.262000122E2,4.367832102E-2,7.824069977E0,6.636369228E0,1.500000000E1
1.930965994E1,3.621227407E1,-8.168057526E1,9.589472880E2,9.267138672E2,1.750000000E0,3.293999939E2,4.514183856E-2,8.324995995E0,6.681806087E0,1.200000000E1
2.030884437E1,3.621228227E1,-8.168058802E1,9.598880748E2,9.276546631E2,1.519999981E0,3.307999878E2,4.648152862E-2,8.941250801E0,6.736757755E0,1.300000000E1
2.130883858E1,3.621228958E1,-8.168059989E1,9.602415820E2,9.280081787E2,1.460000038E0,3.248999939E2,4.764455379E-2,9.461204529E0,6.700699329E0,1.300000000E1
2.230951234E1,3.621229886E1,-8.168060587E1,9.611838386E2,9.289504395E2,1.389999986E0,3.263999939E2,4.891798156E-2,1.032941818E1,6.727813244E0,1.300000000E1
2.330969640E1,3.621230893E1,-8.168061263E1,9.611234090E2,9.288900146E2,1.379999995E0,3.333999939E2,5.075114548E-2,1.111654472E1,6.873440266E0,1.200000000E1
2.430969280E1,3.621232363E1,-8.168062188E1,9.610851944E2,9.288518066E2,1.769999981E0,3.375000000E2,5.266312867E-2,1.129835701E1,6.725986004E0,1.300000000E1
2.530933088E1,3.621233903E1,-8.168063136E1,9.610783518E2,9.288449707E2,1.659999967E0,3.350000000E2,5.493264208E-2,1.174581814E1,6.474868298E0,1.500000000E1
2.630919858E1,3.621235843E1,-8.168063922E1,9.610527115E2,9.288193359E2,1.899999976E0,3.362000122E2,5.605322965E-2,1.260020828E1,6.898114681E0,1.400000000E1
2.730943077E1,3.621236693E1,-8.168064593E1,9.613791228E2,9.291457520E2,1.460000038E0,3.387000122E2,5.692419096E-2,1.430434799E1,7.406410694E0,1.400000000E1
2.830915046E1,3.621237469E1,-8.168064725E1,9.616164266E2,9.293830566E2,1.419999957E0,3.437999878E2,5.801567542E-2,1.439756489E1,6.992595673E0,1.300000000E1
2.930948030E1,3.621238151E1,-8.168065600E1,9.618367573E2,9.296033936E2,1.509999990E0,3.390000000E2,5.932770854E-2,1.357932186E1,6.790520668E0,1.300000000E1
3.030974343E1,3.621238883E1,-8.168066747E1,9.617754699E2,9.295421143E2,1.509999990E0,3.327000122E2,6.082816733E-2,1.411690331E1,6.652718067E0,1.200000000E1
3.130970499E1,3.621239592E1,-8.168068170E1,9.620626912E2,9.298293457E2,1.600000024E0,3.241000061E2,6.342157948E-2,1.381112957E1,6.532037735E0,8.000000000E0
3.230975421E1,3.621239512E1,-8.168071059E1,9.618197508E2,9.295864258E2,1.620000005E0,3.166000061E2,6.516410715E-2,1.432927608E1,7.435140133E0,1.000000000E1
3.330900368E1,3.621239673E1,-8.168072991E1,9.601017195E2,9.278684082E2,1.590000033E0,3.290000000E2,6.696096720E-2,1.098083782E1,9.261352539E0,1.300000000E1
3.430966952E1,3.621239587E1,-8.168074991E1,9.586956994E2,9.264624023E2,1.120000005E0,3.413999939E2,6.797544353E-2,1.034734440E1,9.871705055E0,1.700000000E1
3.530882837E1,3.621239536E1,-8.168076120E1,9.584098027E2,9.261765137E2,7.900000215E-1,6.300000191E0,6.883659581E-2,1.096575737E1,1.077773857E1,1.800000000E1
3.630921702E1,3.621240188E1,-8.168076638E1,9.579572844E2,9.257239990E2,1.279999971E0,1.389999962E1,7.017221648E-2,1.164679718E1,1.083080864E1,2.300000000E1
3.730940780E1,3.621241360E1,-8.168076964E1,9.590113593E2,9.267780762E2,1.350000024E0,1.280000019E1,7.119293349E-2,1.027886581E1,9.070864677E0,2.200000000E1
3.830971264E1,3.621242238E1,-8.168076632E1,9.612054535E2,9.289721680E2,1.429999948E0,1.889999962E1,7.251931581E-2,7.462870598E0,7.222199440E0,2.200000000E1
3.930883295E1,3.621243162E1,-8.168075697E1,9.643768468E2,9.321435547E2,1.330000043E0,2.710000038E1,7.392639364E-2,5.704117298E0,5.749430656E0,2.400000000E1
4.030918170E1,3.621244210E1,-8.168074818E1,9.650620338E2,9.328287354E2,1.649999976E0,2.379999924E1,7.541004205E-2,4.612422943E0,4.495005608E0,2.400000000E1
4.130925733E1,3.621245508E1,-8.168074435E1,9.654267826E2,9.331934814E2,1.509999990E0,3.700000048E0,7.659423610E-2,4.128186703E0,3.872081518E0,2.400000000E1
4.230940842E1,3.621246475E1,-8.168074988E1,9.659288539E2,9.336955566E2,1.190000057E0,3.267999878E2,7.803534431E-2,3.790092468E0,3.348139048E0,2.600000000E1
4.330961358E1,3.621247363E1,-8.168076158E1,9.664293339E2,9.341960449E2,1.250000000E0,3.058999939E2,7.964950198E-2,3.790092468E0,2.951280355E0,2.600000000E1
4.430946144E1,3.621248082E1,-8.168077721E1,9.658846451E2,9.336513672E2,1.490000010E0,2.906000061E2,8.106396809E-2,3.790092468E0,2.703606844E0,2.400000000E1
4.530935733E1,3.621249017E1,-8.168078790E1,9.659395692E2,9.337062988E2,1.090000033E0,3.142999878E2,8.260097666E-2,3.790092468E0,2.500000000E0,2.400000000E1
4.630953290E1,3.621250376E1,-8.168079103E1,9.662203287E2,9.339870605E2,1.570000052E0,3.412000122E2,8.444716425E-2,3.790092468E0,2.500000000E0,2.400000000E1
4.730979608E1,3.621252033E1,-8.168078973E1,9.662597584E2,9.340264893E2,1.590000033E0,3.299999952E0,8.637875452E-2,3.790092468E0,2.500000000E0,2.300000000E1
4.830961404E1,3.621253767E1,-8.168078844E1,9.666773619E2,9.344440918E2,1.740000010E0,3.572999878E2,8.835136271E-2,3.790092468E0,2.500000000E0,2.100000000E1
4.930876654E1,3.621255512E1,-8.168079240E1,9.670110994E2,9.347778320E2,1.799999952E0,3.421000061E2,9.053670998E-2,3.790092468E0,2.500000000E0,2.200000000E1
5.030893451E1,3.621257038E1,-8.168080775E1,9.666740524E2,9.344407959E2,2.240000010E0,3.177000122E2,9.276655492E-2,3.790092468E0,2.500000000E0,2.300000000E1
5.130894962E1,3.621258090E1,-8.168082891E1,9.665721087E2,9.343388672E2,1.820000052E0,3.005000000E2,9.493997434E-2,3.790092468E0,2.500000000E0,2.400000000E1
5.230946092E1,3.621258777E1,-8.168085159E1,9.671145731E2,9.348813477E2,1.870000005E0,2.898999939E2,9.694216385E-2,3.790092468E0,2.500000000E0,2.400000000E1
5.330906488E1,3.621259239E1,-8.168087316E1,9.668923898E2,9.346591797E2,1.789999962E0,2.930000000E2,9.884422684E-2,3.790092468E0,2.500000000E0,2.600000000E1
5.430883066E1,3.621259727E1,-8.168089348E1,9.678782152E2,9.356450195E2,1.690000057E0,2.947000122E2,1.006882683E-1,3.790092468E0,2.500000000E0,2.600000000E1
5.530926008E1,3.621260244E1,-8.168091301E1,9.683266877E2,9.360935059E2,1.690000057E0,2.956000061E2,1.025138208E-1,3.790092468E0,2.500000000E0,2.700000000E1
5.630881508E1,3.621260790E1,-8.168093220E1,9.686995989E2,9.364664307E2,1.700000048E0,2.962000122E2,1.041634542E-1,3.790092468E0,2.500000000E0,2.700000000E1
5.730969998E1,3.621261382E1,-8.168094906E1,9.686452657E2,9.364121094E2,1.639999986E0,2.998999939E2,1.057284605E-1,3.790092468E0,2.500000000E0,2.700000000E1
5.830919076E1,3.621262074E1,-8.168096425E1,9.682321690E2,9.359990234E2,1.639999986E0,3.027000122E2,1.073439946E-1,3.790092468E0,2.500000000E0,2.800000000E1
5.930878420E1,3.621262823E1,-8.168097968E1,9.683408006E2,9.361076660E2,1.720000029E0,3.032999878E2,1.089742607E-1,3.790092468E0,2.500000000E0,2.800000000E1
6.030924966E1,3.621263686E1,-8.168099437E1,9.685509953E2,9.363178711E2,1.700000048E0,3.046000061E2,1.106571145E-1,3.790092468E0,2.500000000E0,2.700000000E1
6.130961951E1,3.621264599E1,-8.168100933E1,9.686894124E2,9.364562988E2,1.809999943E0,3.065000000E2,1.124057016E-1,3.790092468E0,2.500000000E0,2.600000000E1
6.230877638E1,3.621265606E1,-8.168102430E1,9.687943823E2,9.365612793E2,1.779999971E0,3.082999878E2,1.140904474E-1,3.790092468E0,2.500000000E0,2.600000000E1
6.330907341E1,3.621266459E1,-8.168103982E1,9.690670764E2,9.368339844E2,1.769999981E0,3.002999878E2,1.157550916E-1,3.790092468E0,2.500000000E0,2.800000000E1
6.430954529E1,3.621267253E1,-8.168105555E1,9.692578611E2,9.370247803E2,1.700000048E0,3.027000122E2,1.174105499E-1,3.790092468E0,2.500000000E0,2.800000000E1
6.530892945E1,3.621268018E1,-8.168107138E1,9.693634407E2,9.371303711E2,1.700000048E0,3.032000122E2,1.190507956E-1,3.790092468E0,2.500000000E0,2.700000000E1
6.630917841E1,3.621268799E1,-8.168108689E1,9.695787618E2,9.373457031E2,1.679999948E0,3.075000000E2,1.207699271E-1,3.790092468E0,2.500000000E0,2.700000000E1
6.730912508E1,3.621269757E1,-8.168110193E1,9.696202550E2,9.373872070E2,1.750000000E0,3.111000061E2,1.224910823E-1,3.790092468E0,2.500000000E0,2.700000000E1
6.830929211E1,3.621270650E1,-8.168111760E1,9.697462205E2,9.375131836E2,1.700000048E0,3.062000122E2,1.241965280E-1,3.790092468E0,2.500000000E0,2.700000000E1
6.930973950E1,3.621271510E1,-8.168113334E1,9.698716976E2,9.376386719E2,1.740000010E0,3.042000122E2,1.258056399E-1,3.790092468E0,2.500000000E0,2.700000000E1
7.030935200E1,3.621272346E1,-8.168114798E1,9.698172439E2,9.375842285E2,1.610000014E0,3.066000061E2,1.274210337E-1,3.790092468E0,2.500000000E0,2.700000000E1
7.130945607E1,3.621273233E1,-8.168116224E1,9.700005834E2,9.377675781E2,1.659999967E0,3.067999878E2,1.291269801E-1,3.790092468E0,2.500000000E0,2.700000000E1
7.230946648E1,3.621274179E1,-8.168117721E1,9.701696402E2,9.379366455E2,1.669999957E0,3.092000122E2,1.307455325E-1,3.790092468E0,2.500000000E0,2.700000000E1
7.330918685E1,3.621275083E1,-8.168119135E1,9.700412122E2,9.378082275E2,1.659999967E0,3.093999939E2,1.324433135E-1,3.790092468E0,2.500000000E0,2.800000000E1
7.430878632E1,3.621276016E1,-8.168120633E1,9.701382475E2,9.379052734E2,1.720000029E0,3.077999878E2,1.341148479E-1,3.790092468E0,2.500000000E0,2.800000000E1
7.530898138E1,3.621276875E1,-8.168122162E1,9.701711957E2,9.379382324E2,1.659999967E0,3.076000061E2,1.357544346E-1,3.790092468E0,2.500000000E0,2.800000000E1
7.630897731E1,3.621277715E1,-8.168123664E1,9.703115659E2,9.380786133E2,1.679999948E0,3.056000061E2,1.375108276E-1,3.790092468E0,2.500000000E0,2.800000000E1
7.730878179E1,3.621278682E1,-8.168125212E1,9.706693430E2,9.384364014E2,1.809999943E0,3.117000122E2,1.395184738E-1,3.790092468E0,2.500000000E0,2.800000000E1
7.830936398E1,3.621279936E1,-8.168126822E1,9.709746295E2,9.387416992E2,2.029999971E0,3.141000061E2,1.416078407E-1,3.790092468E0,2.500000000E0,2.800000000E1
7.930882778E1,3.621281282E1,-8.168128447E1,9.703703699E2,9.381374512E2,2.029999971E0,3.167000122E2,1.436800737E-1,3.790092468E0,2.500000000E0,2.800000000E1
8.030933242E1,3.621282608E1,-8.168130070E1,9.700395479E2,9.378066406E2,2.029999971E0,3.147999878E2,1.456478340E-1,3.790092468E0,2.500000000E0,2.700000000E1
8.130877778E1,3.621283801E1,-8.168131690E1,9.702527933E2,9.380198975E2,1.879999995E0,3.132000122E2,1.473552719E-1,3.790092468E0,2.500000000E0,2.700000000E1
8.230882231E1,3.621284805E1,-8.168133130E1,9.701022704E2,9.378693848E2,1.789999962E0,3.128999939E2,1.490659284E-1,3.790092468E0,2.500000000E0,2.600000000E1
8.330879059E1,3.621285769E1,-8.168134616E1,9.702448380E2,9.380119629E2,1.889999986E0,3.091000061E2,1.507905839E-1,3.790092468E0,2.500000000E0,2.600000000E1
8.430925413E1,3.621286735E1,-8.168136120E1,9.704750520E2,9.382421875E2,1.809999943E0,3.117000122E2,1.523903508E-1,3.790092468E0,2.500000000E0,2.600000000E1
8.530955575E1,3.621287624E1,-8.168137522E1,9.706413018E2,9.384084473E2,1.750000000E0,3.102000122E2,1.540235389E-1,3.790092468E0,2.500000000E0,2.600000000E1
8.630931575E1,3.621288554E1,-8.168138931E1,9.707245438E2,9.384916992E2,1.769999981E0,3.110000000E2,1.557318356E-1,3.790092468E0,2.500000000E0,2.600000000E1
8.730943700E1,3.621289672E1,-8.168140237E1,9.707504135E2,9.385175781E2,1.899999976E0,3.180000000E2,1.574575168E-1,3.790092468E0,2.500000000E0,2.400000000E1
8.830956731E1,3.621290821E1,-8.168141530E1,9.707738418E2,9.385410156E2,1.769999981E0,3.118999939E2,1.591316404E-1,3.790092468E0,2.500000000E0,2.400000000E1
8.930883288E1,3.621291886E1,-8.168142849E1,9.709295942E2,9.386967773E2,1.769999981E0,3.136000061E2,1.608036020E-1,3.790092468E0,2.500000000E0,2.600000000E1
9.030885491E1,3.621292931E1,-8.168144189E1,9.709696238E2,9.387368164E2,1.740000010E0,3.125000000E2,1.624659647E-1,3.790092468E0,2.500000000E0,2.600000000E1
9.130904418E1,3.621293961E1,-8.168145532E1,9.710487159E2,9.388159180E2,1.759999990E0,3.125000000E2,1.642585416E-1,3.790092468E0,2.500000000E0,2.600000000E1
9.230953476E1,3.621295071E1,-8.168146981E1,9.712048336E2,9.389720459E2,1.919999957E0,3.126000061E2,1.661723462E-1,3.790092468E0,2.500000000E0,2.600000000E1
9.330908559E1,3.621296272E1,-8.168148509E1,9.712884409E2,9.390556641E2,1.889999986E0,3.132000122E2,1.680545230E-1,3.790092468E0,2.500000000E0,2.600000000E1
9.430883356E1,3.621297493E1,-8.168149962E1,9.713819365E2,9.391491699E2,1.889999986E0,3.140000000E2,1.698437719E-1,3.790092468E0,2.500000000E0,2.600000000E1
9.530883429E1,3.621298631E1,-8.168151372E1,9.715398855E2,9.393071289E2,1.850000024E0,3.123999939E2,1.715798003E-1,3.790092468E0,2.500000000E0,2.600000000E1
9.630975335E1,3.621299744E1,-8.168152729E1,9.714898271E2,9.392570801E2,1.730000019E0,3.127999878E2,1.733497372E-1,3.790092468E0,2.500000000E0,2.600000000E1
9.730920100E1,3.621300854E1,-8.168154143E1,9.715774636E2,9.393447266E2,1.779999971E0,3.148999939E2,1.752390482E-1,3.790092468E0,2.500000000E0,2.700000000E1
9.830968257E1,3.621302090E1,-8.168155588E1,9.719065549E2,9.396738281E2,1.919999957E0,3.177999878E2,1.771813020E-1,3.790092468E0,2.500000000E0,2.600000000E1
9.930922527E1,3.621303395E1,-8.168157027E1,9.722574969E2,9.400247803E2,1.889999986E0,3.182000122E2,1.791014533E-1,3.790092468E0,2.500000000E0,2.600000000E1
1.003090601E2,3.621304682E1,-8.168158454E1,9.722642007E2,9.400314941E2,1.860000014E0,3.153999939E2,1.809835352E-1,3.790092468E0,2.500000000E0,2.600000000E1
1.013096096E2,3.621305954E1,-8.168159838E1,9.724579165E2,9.402252197E2,1.779999971E0,3.171000061E2,1.829156141E-1,3.790092468E0,2.500000000E0,2.600000000E1
1.023093438E2,3.621307275E1,-8.168161237E1,9.725954799E2,9.403627930E2,1.840000033E0,3.170000000E2,1.848531260E-1,3.790092468E0,2.500000000E0,2.600000000E1
1.033094490E2,3.621308534E1,-8.168162730E1,9.726911725E2,9.404584961E2,1.809999943E0,3.141000061E2,1.867484780E-1,3.790092468E0,2.500000000E0,2.700000000E1
1.043088261E2,3.621309766E1,-8.168164190E1,9.729956055E2,9.407629395E2,1.799999952E0,3.178999939E2,1.886687888E-1,3.790092468E0,2.500000000E0,2.700000000E1
1.053090959E2,3.621311043E1,-8.168165631E1,9.732015279E2,9.409688721E2,1.909999967E0,3.170000000E2,1.905752314E-1,3.790092468E0,2.500000000E0,2.700000000E1
1.063090290E2,3.621312288E1,-8.168167092E1,9.732951455E2,9.410625000E2,1.830000043E0,3.158999939E2,1.923474177E-1,3.790092468E0,2.500000000E0,2.700000000E1
1.073096071E2,3.621313456E1,-8.168168436E1,9.735177923E2,9.412851562E2,1.850000024E0,3.187999878E2,1.940658517E-1,3.790092468E0,2.500000000E0,2.700000000E1
1.083089475E2,3.621314588E1,-8.168169740E1,9.736216649E2,9.413890381E2,1.769999981E0,3.178999939E2,1.957745502E-1,3.790092468E0,2.500000000E0,2.700000000E1
1.093092620E2,3.621315766E1,-8.168170963E1,9.735487803E2,9.413161621E2,1.799999952E0,3.222000122E2,1.976320426E-1,3.790092468E0,2.500000000E0,2.700000000E1
1.103097500E2,3.621317036E1,-8.168172308E1,9.736369056E2,9.414042969E2,1.899999976E0,3.173999939E2,1.994489912E-1,3.790092468E0,2.500000000E0,2.700000000E1
1.113087500E2,3.621318154E1,-8.168173785E1,9.736519098E2,9.414193115E2,1.809999943E0,3.135000000E2,2.013013366E-1,3.790092468E0,2.500000000E0,2.700000000E1
1.123097279E2,3.621319291E1,-8.168175294E1,9.737364938E2,9.415039062E2,1.809999943E0,3.147000122E2,2.031887612E-1,3.790092468E0,2.500000000E0,2.700000000E1
1.133087799E2,3.621320510E1,-8.168176758E1,9.739811124E2,9.417485352E2,1.889999986E0,3.165000000E2,2.050621747E-1,3.790092468E0,2.500000000E0,2.600000000E1
1.143087938E2,3.621321778E1,-8.168178133E1,9.740079582E2,9.417753906E2,1.809999943E0,3.211000061E2,2.068090844E-1,3.790092468E0,2.500000000E0,2.700000000E1
1.153094439E2,3.621323058E1,-8.168179262E1,9.740872959E2,9.418547363E2,1.769999981E0,3.246000061E2,2.085220559E-1,3.790092468E0,2.500000000E0,2.800000000E1
1.163095156E2,3.621324281E1,-8.168180423E1,9.742204664E2,9.419879150E2,1.799999952E0,3.201000061E2,2.101645885E-1,3.790092468E0,2.500000000E0,2.800000000E1
1.173091026E2,3.621325297E1,-8.168181752E1,9.742879619E2,9.420554199E2,1.750000000E0,3.122000122E2,2.118057995E-1,3.790092468E0,2.500000000E0,2.800000000E1
1.183093779E2,3.621326357E1,-8.168183025E1,9.741800428E2,9.419475098E2,1.879999995E0,3.213999939E2,2.134867467E-1,3.790092468E0,2.500000000E0,2.800000000E1
1.193088060E2,3.621327486E1,-8.168184271E1,9.742432664E2,9.420107422E2,1.779999971E0,3.186000061E2,2.151141691E-1,3.790092468E0,2.500000000E0,2.700000000E1
1.203087825E2,3.621328542E1,-8.168185527E1,9.742089557E2,9.419764404E2,1.789999962E0,3.181000061E2,2.167377107E-1,3.790092468E0,2.500000000E0,2.700000000E1
1.213097065E2,3.621329649E1,-8.168186707E1,9.738557980E2,9.416232910E2,1.789999962E0,3.213999939E2,2.183658586E-1,3.790092468E0,2.500000000E0,2.700000000E1
1.223089484E2,3.621330741E1,-8.168187916E1,9.735453647E2,9.413128662E2,1.779999971E0,3.172000122E2,2.199707941E-1,3.790092468E0,2.500000000E0,2.700000000E1
1.233094703E2,3.621331741E1,-8.168189206E1,9.732842471E2,9.410517578E2,1.720000029E0,3.177999878E2,2.216840591E-1,3.790092468E0,2.500000000E0,2.700000000E1
1.243089872E2,3.621332935E1,-8.168190413E1,9.734509867E2,9.412185059E2,1.850000024E0,3.232999878E2,2.233872878E-1,3.790092468E0,2.500000000E0,2.700000000E1
1.253090265E2,3.621334188E1,-8.168191505E1,9.733823755E2,9.411499023E2,1.700000048E0,3.252999878E2,2.250751334E-1,3.790092468E0,2.500000000E0,2.900000000E1
1.263093868E2,3.621335351E1,-8.168192714E1,9.734856384E2,9.412531738E2,1.659999967E0,3.187000122E2,2.267518313E-1,3.790092468E0,2.500000000E0,2.900000000E1
1.273089496E2,3.621336458E1,-8.168193983E1,9.736111177E2,9.413786621E2,1.740000010E0,3.197000122E2,2.284159695E-1,3.790092468E0,2.500000000E0,3.000000000E1
1.283091184E2,3.621337604E1,-8.168195176E1,9.737588144E2,9.415263672E2,1.700000048E0,3.232000122E2,2.301133583E-1,3.790092468E0,2.500000000E0,3.000000000E1
1.293095833E2,3.621338794E1,-8.168196361E1,9.738236254E2,9.415911865E2,1.769999981E0,3.215000000E2,2.318077184E-1,3.790092468E0,2.500000000E0,3.000000000E1
1.303096295E2,3.621339951E1,-8.168197590E1,9.740044028E2,9.417719727E2,1.710000038E0,3.215000000E2,2.334352938E-1,3.790092468E0,2.500000000E0,3.000000000E1
1.313096482E2,3.621341071E1,-8.168198758E1,9.739934082E2,9.417609863E2,1.700000048E0,3.206000061E2,2.350311312E-1,3.790092468E0,2.500000000E0,3.000000000E1
1.323096835E2,3.621342184E1,-8.168199881E1,9.738124921E2,9.415800781E2,1.669999957E0,3.212000122E2,2.366476072E-1,3.790092468E0,2.500000000E0,3.000000000E1
1.333089351E2,3.621343336E1,-8.168200980E1,9.738744961E2,9.416420898E2,1.690000057E0,3.227000122E2,2.382879543E-1,3.790092468E0,2.500000000E0,3.000000000E1
1.343094879E2,3.621344521E1,-8.168202069E1,9.740042491E2,9.417718506E2,1.679999948E0,3.225000000E2,2.399491808E-1,3.790092468E0,2.500000000E0,3.000000000E1
1.353096749E2,3.621345673E1,-8.168203248E1,9.739728688E2,9.417404785E2,1.759999990E0,3.205000000E2,2.415948798E-1,3.790092468E0,2.500000000E0,3.000000000E1
1.363095189E2,3.621346861E1,-8.168204342E1,9.741734226E2,9.419410400E2,1.710000038E0,3.252000122E2,2.433278429E-1,3.790092468E0,2.500000000E0,3.000000000E1
1.373097101E2,3.621348146E1,-8.168205435E1,9.742467791E2,9.420144043E2,1.779999971E0,3.232999878E2,2.451109539E-1,3.790092468E0,2.500000000E0,3.000000000E1
1.383091061E2,3.621349431E1,-8.168206624E1,9.742422541E2,9.420098877E2,1.789999962E0,3.241000061E2,2.468990596E-1,3.790092468E0,2.500000000E0,3.000000000E1
1.393089535E2,3.621350675E1,-8.168207887E1,9.743329435E2,9.421005859E2,1.779999971E0,3.220000000E2,2.487060820E-1,3.790092468E0,2.500000000E0,3.000000000E1
1.403089777E2,3.621351955E1,-8.168209128E1,9.744001955E2,9.421678467E2,1.840000033E0,3.252000122E2,2.504083360E-1,3.790092468E0,2.500000000E0,3.000000000E1
1.413093426E2,3.621353196E1,-8.168210239E1,9.743702804E2,9.421379395E2,1.730000019E0,3.257999878E2,2.520378074E-1,3.790092468E0,2.500000000E0,3.000000000E1
1.423097500E2,3.621354403E1,-8.168211269E1,9.746378513E2,9.424055176E2,1.669999957E0,3.261000061E2,2.535938587E-1,3.790092468E0,2.500000000E0,3.100000000E1
1.433089198E2,3.621355536E1,-8.168212287E1,9.746556664E2,9.424233398E2,1.649999976E0,3.223999939E2,2.551680029E-1,3.790092468E0,2.500000000E0,3.100000000E1
1.443090704E2,3.621356697E1,-8.168213291E1,9.745255323E2,9.422932129E2,1.679999948E0,3.262999878E2,2.567922873E-1,3.790092468E0,2.500000000E0,3.100000000E1
1.453097643E2,3.621357870E1,-8.168214370E1,9.746776243E2,9.424453125E2,1.669999957E0,3.247999878E2,2.583972539E-1,3.790092468E0,2.500000000E0,3.100000000E1
1.463092999E2,3.621359045E1,-8.168215409E1,9.747308397E2,9.424985352E2,1.600000024E0,3.253999939E2,2.600031206E-1,3.790092468E0,2.500000000E0,3.100000000E1
1.473095403E2,3.621360225E1,-8.168216441E1,9.748442357E2,9.426119385E2,1.620000005E0,3.278999939E2,2.615407865E-1,3.790092468E0,2.500000000E0,3.100000000E1
1.483088265E2,3.621361376E1,-8.168217391E1,9.749100249E2,9.426777344E2,1.519999981E0,3.272999878E2,2.629320412E-1,3.790092468E0,2.500000000E0,3.000000000E1
1.493088226E2,3.621362385E1,-8.168218308E1,9.748221278E2,9.425898438E2,1.419999957E0,3.262000122E2,2.642231084E-1,3.790092468E0,2.500000000E0,3.000000000E1
1.503091473E2,3.621363179E1,-8.168219358E1,9.747989271E2,9.425666504E2,1.269999981E0,3.141000061E2,2.651995540E-1,3.790092468E0,2.500000000E0,3.000000000E1
1.513096973E2,3.621363566E1,-8.168220335E1,9.744443059E2,9.422120361E2,8.999999762E-1,2.970000000E2,2.659717320E-1,3.790092468E0,2.500000000E0,3.000000000E1
1.523094827E2,3.621363710E1,-8.168221177E1,9.743362677E2,9.421040039E2,6.600000262E-1,2.970000000E2,2.663820912E-1,3.790092468E0,2.500000000E0,3.000000000E1
1.533092078E2,3.621363908E1,-8.168221563E1,9.742386087E2,9.420063477E2,3.600000143E-1,2.970000000E2,2.666196383E-1,3.790092468E0,2.500000000E0,3.000000000E1
1.543097215E2,3.621364048E1,-8.168221763E1,9.742679042E2,9.420356445E2,3.100000024E-1,2.970000000E2,2.667085889E-1,3.790092468E0,2.500000000E0,3.000000000E1
1.553093329E2,3.621364028E1,-8.168221859E1,9.742903644E2,9.420581055E2,0.000000000E0,NaN,2.667724911E-1,3.790092468E0,2.500000000E0,3.000000000E1
1.563086887E2,3.621363972E1,-8.168221843E1,9.743069661E2,9.420747070E2,0.000000000E0,NaN,2.667927557E-1,3.790092468E0,2.500000000E0,3.000000000E1
1.573089554E2,3.621363960E1,-8.168221860E1,9.743124591E2,9.420802002E2,0.000000000E0,NaN,2.670729384E-1,3.790092468E0,2.500000000E0,3.000000000E1
1.583093420E2,3.621363718E1,-8.168221947E1,9.744458814E2,9.422136230E2,3.799999952E-1,2.970000000E2,2.684784146E-1,3.790092468E0,2.500000000E0,3.000000000E1
1.593093672E2,3.621362509E1,-8.168221490E1,9.740132674E2,9.417810059E2,1.389999986E0,1.603999939E2,2.692935885E-1,3.790092468E0,2.500000000E0,3.000000000E1
1.603092254E2,3.621361838E1,-8.168221124E1,9.741974740E2,9.419652100E2,4.900000095E-1,1.558999939E2,2.693892534E-1,3.790092468E0,2.500000000E0,3.100000000E1
1.613087697E2,3.621361819E1,-8.168221020E1,9.742017472E2,9.419694824E2,3.400000036E-1,1.558999939E2,2.702160740E-1,3.790092468E0,2.500000000E0,2.900000000E1
1.623093546E2,3.621362551E1,-8.168221182E1,9.740857793E2,9.418535156E2,7.500000000E-1,3.432000122E2,2.709639601E-1,3.790092468E0,2.500000000E0,2.900000000E1
1.633089240E2,3.621363176E1,-8.168221490E1,9.744192733E2,9.421870117E2,6.899999976E-1,3.432000122E2,2.715964781E-1,3.790092468E0,2.500000000E0,3.000000000E1
1.643094034E2,3.621363697E1,-8.168221773E1,9.741353357E2,9.419030762E2,5.699999928E-1,3.432000122E2,2.720248495E-1,3.790092468E0,2.500000000E0,3.000000000E1
1.653092699E2,3.621364057E1,-8.168221943E1,9.742027173E2,9.419704590E2,3.400000036E-1,3.432000122E2,2.730503516E-1,3.790092468E0,2.500000000E0,3.000000000E1
1.663097302E2,3.621364958E1,-8.168222187E1,9.741751278E2,9.419428711E2,1.009999990E0,3.466000061E2,2.747812961E-1,3.790092468E0,2.500000000E0,3.000000000E1
1.673093485E2,3.621366463E1,-8.168222680E1,9.743019554E2,9.420697021E2,1.720000029E0,3.402999878E2,2.767020852E-1,3.790092468E0,2.500000000E0,3.000000000E1
1.683090737E2,3.621368063E1,-8.168223487E1,9.742954800E2,9.420632324E2,1.870000005E0,3.330000000E2,2.786029244E-1,3.790092468E0,2.500000000E0,3.000000000E1
1.693087817E2,3.621369591E1,-8.168224437E1,9.744331686E2,9.422009277E2,1.830000043E0,3.317999878E2,2.805455965E-1,3.790092468E0,2.500000000E0,3.000000000E1
1.703097199E2,3.621371159E1,-8.168225392E1,9.745293533E2,9.422971191E2,1.879999995E0,3.317999878E2,2.824893067E-1,3.790092468E0,2.500000000E0,3.000000000E1
1.713090762E2,3.621372708E1,-8.168226396E1,9.747128180E2,9.424805908E2,1.879999995E0,3.302999878E2,2.843588589E-1,3.790092468E0,2.500000000E0,3.000000000E1
1.723089924E2,3.621374140E1,-8.168227488E1,9.749524343E2,9.427202148E2,1.840000033E0,3.271000061E2,2.861876686E-1,3.790092468E0,2.500000000E0,3.000000000E1
1.733093570E2,3.621375520E1,-8.168228597E1,9.750721775E2,9.428399658E2,1.860000014E0,3.257999878E2,2.880100305E-1,3.790092468E0,2.500000000E0,3.000000000E1
1.743088133E2,3.621376921E1,-8.168229651E1,9.750931661E2,9.428609619E2,1.850000024E0,3.263999939E2,2.898075150E-1,3.790092468E0,2.500000000E0,2.900000000E1
1.753088134E2,3.621378309E1,-8.168230678E1,9.750814402E2,9.428492432E2,1.850000024E0,3.267000122E2,2.916226405E-1,3.790092468E0,2.500000000E0,2.900000000E1
1.763094065E2,3.621379738E1,-8.168231656E1,9.753902712E2,9.431580811E2,1.879999995E0,3.285000000E2,2.930743836E-1,3.790092468E0,2.500000000E0,2.900000000E1
1.773092512E2,3.621380981E1,-8.168232151E1,9.755161222E2,9.432839355E2,1.779999971E0,3.341000061E2,2.946173049E-1,3.790092468E0,2.500000000E0,2.900000000E1
1.783096377E2,3.621382282E1,-8.168232749E1,9.758132372E2,9.435810547E2,1.789999962E0,3.345000000E2,2.963641476E-1,3.790092468E0,2.500000000E0,2.900000000E1
1.793088238E2,3.621383720E1,-8.168233533E1,9.758466789E2,9.436145020E2,1.789999962E0,3.331000061E2,2.981908451E-1,3.790092468E0,2.500000000E0,3.100000000E1
1.803093141E2,3.621385246E1,-8.168234287E1,9.759330994E2,9.437009277E2,1.840000033E0,3.350000000E2,3.000556585E-1,3.790092468E0,2.500000000E0,3.100000000E1
1.813097390E2,3.621386691E1,-8.168235342E1,9.759592151E2,9.437270508E2,1.809999943E0,3.292999878E2,3.018853399E-1,3.790092468E0,2.500000000E0,3.200000000E1
1.823091043E2,3.621388126E1,-8.168236340E1,9.762496133E2,9.440174561E2,1.779999971E0,3.317000122E2,3.037447130E-1,3.790092468E0,2.500000000E0,3.200000000E1
1.833089888E2,3.621389561E1,-8.168237404E1,9.763337123E2,9.441015625E2,1.759999990E0,3.306000061E2,3.055115731E-1,3.790092468E0,2.500000000E0,3.200000000E1
1.843097493E2,3.621390952E1,-8.168238356E1,9.761000630E2,9.438679199E2,1.759999990E0,3.297999878E2,3.072763473E-1,3.790092468E0,2.500000000E0,3.100000000E1
1.853094401E2,3.621392369E1,-8.168239242E1,9.763090412E2,9.440769043E2,1.769999981E0,3.312000122E2,3.090320456E-1,3.790092468E0,2.500000000E0,3.200000000E1
1.863091495E2,3.621393731E1,-8.168240232E1,9.763992442E2,9.441671143E2,1.740000010E0,3.287999878E2,3.108114616E-1,3.790092468E0,2.500000000E0,3.200000000E1
1.873097518E2,3.621395061E1,-8.168241335E1,9.766168878E2,9.443847656E2,1.769999981E0,3.306000061E2,3.126100018E-1,3.790092468E0,2.500000000E0,3.200000000E1
1.883096485E2,3.621396496E1,-8.168242260E1,9.767302846E2,9.444981689E2,1.809999943E0,3.347000122E2,3.143736501E-1,3.790092468E0,2.500000000E0,3.200000000E1
1.893094495E2,3.621397969E1,-8.168242989E1,9.766473937E2,9.444152832E2,1.799999952E0,3.357999878E2,3.163051284E-1,3.790092468E0,2.500000000E0,3.200000000E1
1.903090521E2,3.621399581E1,-8.168243791E1,9.765140873E2,9.442819824E2,1.850000024E0,3.331000061E2,3.182560526E-1,3.790092468E0,2.500000000E0,3.200000000E1
1.913092229E2,3.621401184E1,-8.168244675E1,9.764997989E2,9.442677002E2,1.899999976E0,3.325000000E2,3.201523257E-1,3.790092468E0,2.500000000E0,3.100000000E1
1.923090211E2,3.621402707E1,-8.168245626E1,9.767482053E2,9.445161133E2,1.899999976E0,3.327999878E2,3.219974788E-1,3.790092468E0,2.500000000E0,3.100000000E1
1.933096431E2,3.621404185E1,-8.168246561E1,9.767215874E2,9.444895020E2,1.799999952E0,3.302000122E2,3.240028471E-1,3.790092468E0,2.500000000E0,3.100000000E1
1.943087707E2,3.621405791E1,-8.168247578E1,9.767506330E2,9.445185547E2,1.950000048E0,3.313999939E2,3.258783620E-1,3.790092468E0,2.500000000E0,3.100000000E1
1.953088931E2,3.621407313E1,-8.168248479E1,9.767810222E2,9.445489502E2,1.809999943E0,3.325000000E2,3.278576362E-1,3.790092468E0,2.500000000E0,3.100000000E1
1.963089060E2,3.621408926E1,-8.168249412E1,9.768396094E2,9.446075439E2,1.870000005E0,3.317000122E2,3.297228043E-1,3.790092468E0,2.500000000E0,3.000000000E1
1.973094357E2,3.621410440E1,-8.168250307E1,9.766163365E2,9.443842773E2,1.830000043E0,3.325000000E2,3.316993448E-1,3.790092468E0,2.500000000E0,3.000000000E1
1.983094865E2,3.621412030E1,-8.168251292E1,9.765773892E2,9.443453369E2,1.870000005E0,3.356000061E2,3.336728368E-1,3.790092468E0,2.500000000E0,3.000000000E1
1.993094663E2,3.621413605E1,-8.168252306E1,9.763318987E2,9.440998535E2,1.840000033E0,3.338999939E2,3.356424049E-1,3.790092468E0,2.500000000E0,3.100000000E1
2.003096125E2,3.621415127E1,-8.168253429E1,9.761399962E2,9.439079590E2,1.860000014E0,3.350000000E2,3.374572479E-1,3.790092468E0,2.500000000E0,3.100000000E1
2.013090768E2,3.621416543E1,-8.168254435E1,9.761376698E2,9.439056396E2,1.820000052E0,3.321000061E2,3.392820088E-1,3.790092468E0,2.500000000E0,3.100000000E1
2.023095666E2,3.621418019E1,-8.168255324E1,9.763164966E2,9.440844727E2,1.830000043E0,3.346000061E2,3.412061723E-1,3.790092468E0,2.500000000E0,3.100000000E1
2.033090927E2,3.621419606E1,-8.168256179E1,9.762708363E2,9.440388184E2,1.789999962E0,3.348999939E2,3.430833079E-1,3.790092468E0,2.500000000E0,3.100000000E1
2.043088191E2,3.621421176E1,-8.168256948E1,9.760799130E2,9.438479004E2,1.820000052E0,3.341000061E2,3.449723321E-1,3.790092468E0,2.500000000E0,3.100000000E1
2.053095620E2,3.621422716E1,-8.168257837E1,9.762217524E2,9.439897461E2,1.830000043E0,3.317000122E2,3.469029762E-1,3.790092468E0,2.500000000E0,3.100000000E1
2.063088134E2,3.621424332E1,-8.168258624E1,9.762407899E2,9.440087891E2,1.809999943E0,3.372000122E2,3.488059902E-1,3.790092468E0,2.500000000E0,3.100000000E1
2.073095603E2,3.621425935E1,-8.168259367E1,9.763479624E2,9.441159668E2,1.820000052E0,3.373999939E2,3.506665690E-1,3.790092468E0,2.500000000E0,3.100000000E1
2.083092871E2,3.621427467E1,-8.168260201E1,9.763226880E2,9.440906982E2,1.820000052E0,3.365000000E2,3.525574125E-1,3.790092468E0,2.500000000E0,3.100000000E1
2.093094933E2,3.621429064E1,-8.168260925E1,9.762468773E2,9.440148926E2,1.769999981E0,3.377999878E2,3.545432646E-1,3.790092468E0,2.500000000E0,3.100000000E1
2.103088156E2,3.621430732E1,-8.168261716E1,9.762406462E2,9.440086670E2,1.779999971E0,3.382000122E2,3.565360062E-1,3.790092468E0,2.500000000E0,3.100000000E1
2.113090938E2,3.621432365E1,-8.168262631E1,9.763032618E2,9.440712891E2,1.779999971E0,3.356000061E2,3.583970466E-1,3.790092468E0,2.500000000E0,3.000000000E1
2.123096366E2,3.621433826E1,-8.168263643E1,9.760295731E2,9.437976074E2,1.740000010E0,3.343999939E2,3.602841337E-1,3.790092468E0,2.500000000E0,3.000000000E1
2.133095816E2,3.621435343E1,-8.168264586E1,9.760930430E2,9.438610840E2,1.830000043E0,3.366000061E2,3.621561855E-1,3.790092468E0,2.500000000E0,3.000000000E1
2.143096352E2,3.621436860E1,-8.168265491E1,9.760466500E2,9.438146973E2,1.850000024E0,3.352000122E2,3.640210294E-1,3.790092468E0,2.500000000E0,3.000000000E1
2.153095978E2,3.621438399E1,-8.168266317E1,9.761057262E2,9.438737793E2,1.779999971E0,3.368999939E2,3.656088287E-1,3.790092468E0,2.500000000E0,2.900000000E1
2.163088241E2,3.621439702E1,-8.168267041E1,9.760921713E2,9.438602295E2,1.779999971E0,3.400000000E2,3.675427570E-1,3.790092468E0,2.500000000E0,2.900000000E1
2.173095615E2,3.621441301E1,-8.168267889E1,9.761792015E2,9.439472656E2,1.940000057E0,3.355000000E2,3.695996208E-1,3.790092468E0,2.500000000E0,2.900000000E1
2.183092555E2,3.621443025E1,-8.168268720E1,9.755927699E2,9.433608398E2,1.889999986E0,3.375000000E2,3.715487920E-1,3.790092468E0,2.500000000E0,3.000000000E1
2.193090274E2,3.621444657E1,-8.168269513E1,9.758923249E2,9.436604004E2,1.820000052E0,3.382000122E2,3.733284080E-1,3.790092468E0,2.500000000E0,3.100000000E1
2.203089316E2,3.621446177E1,-8.168270134E1,9.757172718E2,9.434853516E2,1.789999962E0,3.410000000E2,3.751106588E-1,3.790092468E0,2.500000000E0,3.200000000E1
2.213097452E2,3.621447708E1,-8.168270722E1,9.757343575E2,9.435024414E2,1.889999986E0,3.382999878E2,3.768382099E-1,3.790092468E0,2.500000000E0,3.200000000E1
2.223096277E2,3.621449192E1,-8.168271292E1,9.755981231E2,9.433662109E2,1.870000005E0,3.378999939E2,3.786777493E-1,3.790092468E0,2.500000000E0,3.200000000E1
2.233089787E2,3.621450753E1,-8.168271971E1,9.756523176E2,9.434204102E2,1.879999995E0,3.382999878E2,3.804138628E-1,3.790092468E0,2.500000000E0,3.200000000E1
2.243095477E2,3.621452278E1,-8.168272386E1,9.755513625E2,9.433194580E2,1.789999962E0,3.435000000E2,3.821457802E-1,3.790092468E0,2.500000000E0,3.200000000E1
2.253095240E2,3.621453750E1,-8.168273017E1,9.755529450E2,9.433210449E2,1.769999981E0,3.397999878E2,3.838648363E-1,3.790092468E0,2.500000000E0,3.200000000E1
2.263087961E2,3.621455199E1,-8.168273685E1,9.752167587E2,9.429848633E2,1.779999971E0,3.406000061E2,3.855536772E-1,3.790092468E0,2.500000000E0,3.200000000E1
2.273090044E2,3.621456646E1,-8.168274257E1,9.750959051E2,9.428640137E2,1.710000038E0,3.427999878E2,3.872153291E-1,3.790092468E0,2.500000000E0,3.200000000E1
2.283096454E2,3.621458053E1,-8.168274881E1,9.752267602E2,9.429948730E2,1.720000029E0,3.390000000E2,3.889343602E-1,3.790092468E0,2.500000000E0,3.200000000E1
2.293095273E2,3.621459469E1,-8.168275650E1,9.751388641E2,9.429069824E2,1.720000029E0,3.356000061E2,3.906398008E-1,3.790092468E0,2.500000000E0,3.200000000E1
2.303094076E2,3.621460927E1,-8.168276240E1,9.749413503E2,9.427094727E2,1.720000029E0,3.392000122E2,3.923455235E-1,3.790092468E0,2.500000000E0,3.200000000E1
2.313089563E2,3.621462407E1,-8.168276740E1,9.749755265E2,9.427436523E2,1.620000005E0,3.397000122E2,3.941992256E-1,3.790092468E0,2.500000000E0,3.200000000E1
2.323096853E2,3.621463984E1,-8.168277410E1,9.750613372E2,9.428294678E2,1.759999990E0,3.422000122E2,3.960532502E-1,3.790092468E0,2.500000000E0,3.200000000E1
2.333088199E2,3.621465593E1,-8.168277952E1,9.750778130E2,9.428459473E2,1.789999962E0,3.442000122E2,3.979475664E-1,3.790092468E0,2.500000000E0,3.200000000E1
2.343093732E2,3.621467222E1,-8.168278570E1,9.750922130E2,9.428603516E2,1.789999962E0,3.407000122E2,3.998479910E-1,3.790092468E0,2.500000000E0,3.200000000E1
2.353092167E2,3.621468817E1,-8.168279331E1,9.750792682E2,9.428474121E2,1.820000052E0,3.396000061E2,4.017220230E-1,3.790092468E0,2.500000000E0,3.200000000E1
2.363087619E2,3.621470384E1,-8.168280100E1,9.751483546E2,9.429165039E2,1.850000024E0,3.413999939E2,4.035416536E-1,3.790092468E0,2.500000000E0,3.100000000E1
2.373094680E2,3.621471907E1,-8.168280842E1,9.751573826E2,9.429255371E2,1.789999962E0,3.402999878E2,4.053892476E-1,3.790092468E0,2.500000000E0,3.100000000E1
2.383088237E2,3.621473461E1,-8.168281571E1,9.753753951E2,9.431435547E2,1.789999962E0,3.413999939E2,4.072563902E-1,3.790092468E0,2.500000000E0,2.900000000E1
2.393096221E2,3.621474989E1,-8.168282434E1,9.753927230E2,9.431608887E2,1.769999981E0,3.385000000E2,4.090549423E-1,3.790092468E0,2.500000000E0,2.900000000E1
2.403093415E2,3.621476490E1,-8.168283181E1,9.754542413E2,9.432224121E2,1.750000000E0,3.382000122E2,4.108642340E-1,3.790092468E0,2.500000000E0,2.900000000E1
2.413091545E2,3.621478055E1,-8.168283733E1,9.756129288E2,9.433811035E2,1.789999962E0,3.407999878E2,4.125888860E-1,3.790092468E0,2.500000000E0,2.800000000E1
2.423094861E2,3.621479555E1,-8.168284222E1,9.757188825E2,9.434870605E2,1.779999971E0,3.422000122E2,4.143538954E-1,3.790092468E0,2.500000000E0,2.800000000E1
2.433088033E2,3.621481069E1,-8.168284813E1,9.757045961E2,9.434727783E2,1.840000033E0,3.403999939E2,4.161817344E-1,3.790092468E0,2.500000000E0,2.700000000E1
2.443096884E2,3.621482628E1,-8.168285459E1,9.759028338E2,9.436710205E2,1.769999981E0,3.397000122E2,4.179609783E-1,3.790092468E0,2.500000000E0,2.700000000E1
2.453089233E2,3.621484132E1,-8.168286136E1,9.756280488E2,9.433962402E2,1.779999971E0,3.410000000E2,4.196222544E-1,3.790092468E0,2.500000000E0,2.900000000E1
2.463097587E2,3.621485484E1,-8.168286924E1,9.759852210E2,9.437534180E2,1.769999981E0,3.373999939E2,4.211600272E-1,3.790092468E0,2.500000000E0,3.000000000E1
2.473093683E2,3.621486763E1,-8.168287576E1,9.763581413E2,9.441263428E2,1.690000057E0,3.393999939E2,4.228135858E-1,3.790092468E0,2.500000000E0,3.000000000E1
2.483094150E2,3.621488164E1,-8.168288194E1,9.765130442E2,9.442812500E2,1.700000048E0,3.430000000E2,4.245613539E-1,3.790092468E0,2.500000000E0,3.000000000E1
2.493094993E2,3.621489633E1,-8.168288887E1,9.766645286E2,9.444327393E2,1.779999971E0,3.403999939E2,4.262036305E-1,3.790092468E0,2.500000000E0,3.100000000E1
2.503093310E2,3.621491014E1,-8.168289536E1,9.767376442E2,9.445058594E2,1.649999976E0,3.382000122E2,4.279809993E-1,3.790092468E0,2.500000000E0,3.100000000E1
2.513088169E2,3.621492499E1,-8.168290269E1,9.763045336E2,9.440727539E2,1.730000019E0,3.397000122E2,4.297234249E-1,3.790092468E0,2.500000000E0,3.100000000E1
2.523094354E2,3.621493961E1,-8.168290968E1,9.761873412E2,9.439555664E2,1.779999971E0,3.381000061E2,4.314605195E-1,3.790092468E0,2.500000000E0,3.100000000E1
2.533088259E2,3.621495427E1,-8.168291637E1,9.762586256E2,9.440268555E2,1.769999981E0,3.398999939E2,4.331630418E-1,3.790092468E0,2.500000000E0,3.100000000E1
2.543092512E2,3.621496871E1,-8.168292268E1,9.763828888E2,9.441511230E2,1.750000000E0,3.415000000E2,4.349381737E-1,3.790092468E0,2.500000000E0,3.000000000E1
2.553091076E2,3.621498366E1,-8.168292962E1,9.764490460E2,9.442172852E2,1.750000000E0,3.398999939E2,4.367766455E-1,3.790092468E0,2.500000000E0,2.900000000E1
2.563089411E2,3.621499883E1,-8.168293777E1,9.765000657E2,9.442683105E2,1.750000000E0,3.376000061E2,4.386673809E-1,3.790092468E0,2.500000000E0,2.900000000E1
2.573088229E2,3.621501447E1,-8.168294604E1,9.765366810E2,9.443049316E2,1.820000052E0,3.403999939E2,4.405011496E-1,3.790092468E0,2.500000000E0,3.000000000E1
2.583096432E2,3.621502949E1,-8.168295448E1,9.767813040E2,9.445495605E2,1.799999952E0,3.386000061E2,4.423096275E-1,3.790092468E0,2.500000000E0,3.000000000E1
2.593088302E2,3.621504458E1,-8.168296200E1,9.767971679E2,9.445654297E2,1.769999981E0,3.403999939E2,4.440666392E-1,3.790092468E0,2.500000000E0,2.700000000E1
2.603093499E2,3.621505918E1,-8.168296949E1,9.766904732E2,9.444587402E2,1.720000029E0,3.397999878E2,4.458857802E-1,3.790092468E0,2.500000000E0,2.700000000E1
2.613092368E2,3.621507448E1,-8.168297667E1,9.767458881E2,9.445141602E2,1.789999962E0,3.432999878E2,4.475480753E-1,3.790092468E0,2.500000000E0,2.900000000E1
2.623090849E2,3.621508815E1,-8.168298417E1,9.766800870E2,9.444483643E2,1.750000000E0,3.398999939E2,4.492630261E-1,3.790092468E0,2.500000000E0,2.900000000E1
2.633090291E2,3.621510268E1,-8.168299058E1,9.764931929E2,9.442614746E2,1.769999981E0,3.402000122E2,4.509984870E-1,3.790092468E0,2.500000000E0,2.800000000E1
2.643090278E2,3.621511727E1,-8.168299745E1,9.764438717E2,9.442121582E2,1.740000010E0,3.406000061E2,4.528022787E-1,3.790092468E0,2.500000000E0,2.700000000E1
2.653096483E2,3.621513264E1,-8.168300388E1,9.764624219E2,9.442307129E2,1.820000052E0,3.431000061E2,4.546213366E-1,3.790092468E0,2.500000000E0,2.800000000E1
2.663093488E2,3.621514833E1,-8.168300962E1,9.767939608E2,9.445622559E2,1.809999943E0,3.427999878E2,4.564421119E-1,3.790092468E0,2.500000000E0,3.000000000E1
2.673090913E2,3.621516359E1,-8.168301698E1,9.769530133E2,9.447213135E2,1.759999990E0,3.370000000E2,4.582669623E-1,3.790092468E0,2.500000000E0,3.000000000E1
2.683089793E2,3.621517878E1,-8.168302468E1,9.768105519E2,9.445788574E2,1.720000029E0,3.382000122E2,4.600087870E-1,3.790092468E0,2.500000000E0,3.000000000E1
2.693090981E2,3.621519302E1,-8.168303277E1,9.768138421E2,9.445821533E2,1.769999981E0,3.352999878E2,4.617574523E-1,3.790092468E0,2.500000000E0,3.000000000E1
2.703095504E2,3.621520774E1,-8.168303963E1,9.768503364E2,9.446186523E2,1.750000000E0,3.418999939E2,4.635265882E-1,3.790092468E0,2.500000000E0,3.000000000E1
2.713089611E2,3.621522283E1,-8.168304588E1,9.766823633E2,9.444506836E2,1.750000000E0,3.402000122E2,4.654119770E-1,3.790092468E0,2.500000000E0,3.000000000E1
2.723089555E2,3.621523897E1,-8.168305232E1,9.767682963E2,9.445366211E2,1.750000000E0,3.397000122E2,4.671722248E-1,3.790092468E0,2.500000000E0,2.900000000E1
2.733088013E2,3.621525406E1,-8.168305825E1,9.768046691E2,9.445729980E2,1.759999990E0,3.402999878E2,4.690282171E-1,3.790092468E0,2.500000000E0,2.900000000E1
2.743091785E2,3.621526989E1,-8.168306481E1,9.769279556E2,9.446962891E2,1.769999981E0,3.400000000E2,4.708466602E-1,3.790092468E0,2.500000000E0,3.100000000E1
2.753095483E2,3.621528538E1,-8.168307131E1,9.771042206E2,9.448725586E2,1.720000029E0,3.388999939E2,4.725575839E-1,3.790092468E0,2.500000000E0,3.100000000E1
2.763095680E2,3.621529986E1,-8.168307776E1,9.772165207E2,9.449848633E2,1.639999986E0,3.401000061E2,4.742096629E-1,3.790092468E0,2.500000000E0,3.100000000E1
2.773090050E2,3.621531389E1,-8.168308382E1,9.773410282E2,9.451093750E2,1.730000019E0,3.375000000E2,4.758200880E-1,3.790092468E0,2.500000000E0,3.100000000E1
2.783087822E2,3.621532731E1,-8.168309057E1,9.773129474E2,9.450812988E2,1.669999957E0,3.360000000E2,4.773764537E-1,3.790092468E0,2.500000000E0,3.100000000E1
2.793092803E2,3.621534044E1,-8.168309658E1,9.775739295E2,9.453422852E2,1.639999986E0,3.362999878E2,4.789240225E-1,3.790092468E0,2.500000000E0,3.100000000E1
2.803091891E2,3.621535305E1,-8.168310388E1,9.775836900E2,9.453520508E2,1.720000029E0,3.357000122E2,4.804699853E-1,3.790092468E0,2.500000000E0,3.200000000E1
2.813091979E2,3.621536579E1,-8.168311078E1,9.777611754E2,9.455295410E2,1.649999976E0,3.362999878E2,4.820834636E-1,3.790092468E0,2.500000000E0,3.200000000E1
2.823088116E2,3.621537921E1,-8.168311762E1,9.778351452E2,9.456035156E2,1.600000024E0,3.375000000E2,4.838831332E-1,3.790092468E0,2.500000000E0,3.200000000E1
2.833091052E2,3.621539343E1,-8.168312720E1,9.778927557E2,9.456611328E2,1.690000057E0,3.341000061E2,4.858215125E-1,3.790092468E0,2.500000000E0,3.200000000E1
2.843091164E2,3.621540857E1,-8.168313791E1,9.777255119E2,9.454938965E2,1.740000010E0,3.327000122E2,4.877347220E-1,3.790092468E0,2.500000000E0,3.200000000E1
2.853092829E2,3.621542281E1,-8.168314988E1,9.777169586E2,9.454853516E2,1.730000019E0,3.318999939E2,4.896256050E-1,3.790092468E0,2.500000000E0,3.200000000E1
2.863089673E2,3.621543679E1,-8.168316188E1,9.773653876E2,9.451337891E2,1.690000057E0,3.352999878E2,4.915213281E-1,3.790092468E0,2.500000000E0,3.200000000E1
2.873093767E2,3.621545164E1,-8.168317226E1,9.773685542E2,9.451369629E2,1.740000010E0,3.352000122E2,4.933696877E-1,3.790092468E0,2.500000000E0,3.200000000E1
2.883091977E2,3.621546568E1,-8.168318329E1,9.771303873E2,9.448988037E2,1.659999967E0,3.247999878E2,4.952701006E-1,3.790092468E0,2.500000000E0,3.200000000E1
2.893090877E2,3.621548069E1,-8.168319342E1,9.772448821E2,9.450133057E2,1.690000057E0,3.316000061E2,4.971127306E-1,3.790092468E0,2.500000000E0,3.200000000E1
2.903087834E2,3.621549483E1,-8.168320413E1,9.772335221E2,9.450019531E2,1.700000048E0,3.287000122E2,4.987498622E-1,3.790092468E0,2.500000000E0,3.200000000E1
2.913089457E2,3.621550668E1,-8.168321496E1,9.773301941E2,9.450986328E2,1.600000024E0,3.235000000E2,5.002988034E-1,3.790092468E0,2.500000000E0,3.200000000E1
2.923088333E2,3.621551737E1,-8.168322603E1,9.777706160E2,9.455390625E2,1.509999990E0,3.185000000E2,5.015725214E-1,3.790092468E0,2.500000000E0,3.200000000E1
2.933088099E2,3.621552589E1,-8.168323552E1,9.783382363E2,9.461066895E2,1.250000000E0,3.171000061E2,5.026027958E-1,3.790092468E0,2.500000000E0,3.200000000E1
2.943091785E2,3.621552982E1,-8.168324592E1,9.781123989E2,9.458808594E2,1.059999943E0,2.957000122E2,5.039699129E-1,3.790092468E0,2.500000000E0,3.200000000E1
2.953089824E2,3.621553749E1,-8.168325783E1,9.783134403E2,9.460819092E2,1.470000029E0,3.090000000E2,5.048775483E-1,3.790092468E0,2.500000000E0,3.200000000E1
2.963096370E2,3.621553989E1,-8.168326750E1,9.785175350E2,9.462860107E2,8.399999738E-1,2.860000000E2,5.058283608E-1,3.790092468E0,2.500000000E0,3.200000000E1
2.973091275E2,3.621554574E1,-8.168327523E1,9.788079349E2,9.465764160E2,9.200000167E-1,3.160000000E2,5.070174605E-1,3.790092468E0,2.500000000E0,3.200000000E1
2.983090662E2,3.621555350E1,-8.168328435E1,9.802643494E2,9.480328369E2,9.900000095E-1,3.096000061E2,5.082662562E-1,3.790092468E0,2.500000000E0,3.200000000E1
2.993093987E2,3.621555934E1,-8.168329624E1,9.806392189E2,9.484077148E2,1.009999990E0,3.000000000E2,5.099853694E-1,3.790092468E0,2.500000000E0,3.200000000E1
3.003093593E2,3.621556739E1,-8.168331260E1,9.803541732E2,9.481226807E2,1.539999962E0,3.051000061E2,5.119870679E-1,3.790092468E0,2.500000000E0,3.200000000E1
3.013091104E2,3.621557904E1,-8.168332961E1,9.802436876E2,9.480122070E2,1.679999948E0,3.126000061E2,5.138256056E-1,3.790092468E0,2.500000000E0,3.200000000E1
3.023096287E2,3.621559113E1,-8.168334359E1,9.799558359E2,9.477243652E2,1.559999943E0,3.217000122E2,5.155919342E-1,3.790092468E0,2.500000000E0,3.200000000E1
3.033088135E2,3.621560438E1,-8.168335445E1,9.791430842E2,9.469116211E2,1.620000005E0,3.237999878E2,5.174395824E-1,3.790092468E0,2.500000000E0,3.100000000E1
3.043096944E2,3.621561811E1,-8.168336605E1,9.790738622E2,9.468424072E2,1.679999948E0,3.242000122E2,5.192306648E-1,3.790092468E0,2.500000000E0,3.100000000E1
3.053092801E2,3.621563181E1,-8.168337655E1,9.793023704E2,9.470709229E2,1.669999957E0,3.282999878E2,5.210349786E-1,3.790092468E0,2.500000000E0,3.100000000E1
3.063088302E2,3.621564560E1,-8.168338715E1,9.788419138E2,9.466104736E2,1.690000057E0,3.265000000E2,5.228411894E-1,3.790092468E0,2.500000000E0,3.200000000E1
3.073095608E2,3.621565825E1,-8.168339978E1,9.787206891E2,9.464892578E2,1.649999976E0,3.226000061E2,5.245675320E-1,3.790092468E0,2.500000000E0,3.200000000E1
3.083092266E2,3.621567071E1,-8.168341126E1,9.790446556E2,9.468132324E2,1.600000024E0,3.277000122E2,5.262498873E-1,3.790092468E0,2.500000000E0,3.200000000E1
3.093096356E2,3.621568301E1,-8.168342218E1,9.789560249E2,9.467246094E2,1.639999986E0,3.260000000E2,5.279341282E-1,3.790092468E0,2.500000000E0,3.200000000E1
3.103089439E2,3.621569570E1,-8.168343243E1,9.789374630E2,9.467060547E2,1.649999976E0,3.277000122E2,5.296617419E-1,3.790092468E0,2.500000000E0,3.200000000E1
3.113096960E2,3.621570812E1,-8.168344400E1,9.790596473E2,9.468282471E2,1.629999995E0,3.242999878E2,5.313057869E-1,3.790092468E0,2.500000000E0,3.200000000E1
3.123095419E2,3.621571713E1,-8.168345853E1,9.790329037E2,9.468015137E2,1.649999976E0,3.160000000E2,5.327155928E-1,3.790092468E0,2.500000000E0,3.100000000E1
3.133093061E2,3.621572228E1,-8.168347289E1,9.789318193E2,9.467004395E2,1.429999948E0,3.027000122E2,5.342576265E-1,3.790092468E0,2.500000000E0,3.200000000E1
3.143088308E2,3.621572860E1,-8.168348819E1,9.784174042E2,9.461860352E2,1.450000048E0,3.033999939E2,5.359224114E-1,3.790092468E0,2.500000000E0,3.200000000E1
3.153089188E2,3.621573662E1,-8.168350386E1,9.785062603E2,9.462749023E2,1.509999990E0,3.047999878E2,5.374929465E-1,3.790092468E0,2.500000000E0,3.200000000E1
3.163089211E2,3.621574434E1,-8.168351852E1,9.782508789E2,9.460195312E2,1.500000000E0,3.062000122E2,5.388420919E-1,3.790092468E0,2.500000000E0,3.100000000E1
3.173095533E2,3.621575063E1,-8.168353138E1,9.779705964E2,9.457392578E2,1.379999995E0,3.053999939E2,5.403196436E-1,3.790092468E0,2.500000000E0,3.000000000E1
3.183089291E2,3.621575743E1,-8.168354553E1,9.783297173E2,9.460983887E2,1.389999986E0,3.056000061E2,5.416385318E-1,3.790092468E0,2.500000000E0,2.900000000E1
3.193089887E2,3.621576419E1,-8.168355761E1,9.780140349E2,9.457827148E2,1.309999943E0,3.146000061E2,5.431666386E-1,3.790092468E0,2.500000000E0,3.000000000E1
3.203095049E2,3.621577443E1,-8.168356897E1,9.779944957E2,9.457631836E2,1.399999976E0,3.238999939E2,5.448669512E-1,3.790092468E0,2.500000000E0,2.900000000E1
3.213092089E2,3.621578804E1,-8.168357761E1,9.780987377E2,9.458674316E2,1.460000038E0,3.382999878E2,5.464251168E-1,3.790092468E0,2.500000000E0,2.900000000E1
3.223095521E2,3.621580181E1,-8.168358083E1,9.780662648E2,9.458349609E2,1.419999957E0,3.522999878E2,5.480520515E-1,3.790092468E0,2.500000000E0,3.000000000E1
3.233090828E2,3.621581636E1,-8.168358274E1,9.779617713E2,9.457304688E2,1.519999981E0,3.566000061E2,5.499688747E-1,3.790092468E0,2.500000000E0,3.100000000E1
3.243094204E2,3.621583311E1,-8.168358779E1,9.776580569E2,9.454267578E2,1.659999967E0,3.497000122E2,5.518785503E-1,3.790092468E0,2.500000000E0,3.100000000E1
3.253088164E2,3.621584888E1,-8.168359622E1,9.774223333E2,9.451910400E2,1.700000048E0,3.372999878E2,5.538891172E-1,3.790092468E0,2.500000000E0,3.100000000E1
3.263096572E2,3.621586462E1,-8.168360725E1,9.773882679E2,9.451569824E2,1.850000024E0,3.313999939E2,5.558059714E-1,3.790092468E0,2.500000000E0,3.100000000E1
3.273096438E2,3.621587897E1,-8.168361909E1,9.770994413E2,9.448681641E2,1.779999971E0,3.270000000E2,5.578967572E-1,3.790092468E0,2.500000000E0,3.100000000E1
3.283095138E2,3.621589486E1,-8.168363155E1,9.768544374E2,9.446231689E2,1.929999948E0,3.287000122E2,5.599084756E-1,3.790092468E0,2.500000000E0,3.000000000E1
3.293091684E2,3.621590963E1,-8.168364450E1,9.766707125E2,9.444394531E2,1.860000014E0,3.241000061E2,5.618341586E-1,3.790092468E0,2.500000000E0,3.000000000E1
3.303092282E2,3.621592349E1,-8.168365737E1,9.766003910E2,9.443691406E2,1.830000043E0,3.237000122E2,5.637510469E-1,3.790092468E0,2.500000000E0,3.000000000E1
3.313092572E2,3.621593777E1,-8.168366934E1,9.765786541E2,9.443474121E2,1.799999952E0,3.235000000E2,5.656894674E-1,3.790092468E0,2.500000000E0,3.000000000E1
3.323094467E2,3.621595218E1,-8.168368150E1,9.766728838E2,9.444416504E2,1.759999990E0,3.227999878E2,5.675781155E-1,3.790092468E0,2.500000000E0,3.000000000E1
3.333093200E2,3.621596648E1,-8.168369286E1,9.765818114E2,9.443505859E2,1.700000048E0,3.227000122E2,5.693971859E-1,3.790092468E0,2.500000000E0,3.000000000E1
3.343088717E2,3.621597943E1,-8.168370525E1,9.767277988E2,9.444965820E2,1.669999957E0,3.197000122E2,5.713643378E-1,3.790092468E0,2.500000000E0,3.000000000E1
3.353091947E2,3.621599332E1,-8.168371883E1,9.769074767E2,9.446762695E2,1.820000052E0,3.203999939E2,5.732435076E-1,3.790092468E0,2.500000000E0,2.900000000E1
3.363089832E2,3.621600679E1,-8.168373148E1,9.768509493E2,9.446197510E2,1.759999990E0,3.217999878E2,5.751159655E-1,3.790092468E0,2.500000000E0,2.900000000E1
3.373096442E2,3.621602068E1,-8.168374328E1,9.767248424E2,9.444936523E2,1.850000024E0,3.242999878E2,5.768542147E-1,3.790092468E0,2.500000000E0,3.000000000E1
3.383095311E2,3.621603430E1,-8.168375279E1,9.766471990E2,9.444160156E2,1.789999962E0,3.233999939E2,5.785398532E-1,3.790092468E0,2.500000000E0,3.000000000E1
3.393096339E2,3.621604736E1,-8.168376233E1,9.765621093E2,9.443309326E2,1.759999990E0,3.227999878E2,5.802734345E-1,3.790092468E0,2.500000000E0,3.100000000E1
3.403095295E2,3.621606015E1,-8.168377338E1,9.765846846E2,9.443535156E2,1.740000010E0,3.221000061E2,5.820326479E-1,3.790092468E0,2.500000000E0,3.100000000E1
3.413093445E2,3.621607322E1,-8.168378443E1,9.764424649E2,9.442113037E2,1.740000010E0,3.227000122E2,5.838246158E-1,3.790092468E0,2.500000000E0,2.900000000E1
3.423089874E2,3.621608647E1,-8.168379580E1,9.768156259E2,9.445844727E2,1.740000010E0,3.253999939E2,5.856998824E-1,3.790092468E0,2.500000000E0,3.000000000E1
3.433087810E2,3.621610044E1,-8.168380751E1,9.767341968E2,9.445030518E2,1.840000033E0,3.260000000E2,5.874885989E-1,3.790092468E0,2.500000000E0,3.000000000E1
3.443094774E2,3.621611444E1,-8.168381733E1,9.767417583E2,9.445106201E2,1.830000043E0,3.272000122E2,5.892779318E-1,3.790092468E0,2.500000000E0,3.000000000E1
3.453087671E2,3.621612736E1,-8.168382922E1,9.768046162E2,9.445734863E2,1.789999962E0,3.232999878E2,5.911586207E-1,3.790092468E0,2.500000000E0,3.000000000E1
3.463093669E2,3.621614032E1,-8.168384269E1,9.769515794E2,9.447204590E2,1.750000000E0,3.201000061E2,5.930144638E-1,3.790092468E0,2.500000000E0,3.000000000E1
3.473091241E2,3.621615251E1,-8.168385682E1,9.769103097E2,9.446791992E2,1.720000029E0,3.177000122E2,5.948994787E-1,3.790092468E0,2.500000000E0,3.100000000E1
3.483090483E2,3.621616596E1,-8.168386961E1,9.768397441E2,9.446086426E2,1.840000033E0,3.232999878E2,5.966553090E-1,3.790092468E0,2.500000000E0,3.100000000E1
3.493095719E2,3.621617883E1,-8.168388095E1,9.769249412E2,9.446938477E2,1.779999971E0,3.230000000E2,5.984646726E-1,3.790092468E0,2.500000000E0,3.000000000E1
3.503096002E2,3.621619222E1,-8.168389241E1,9.769190738E2,9.446879883E2,1.799999952E0,3.215000000E2,6.001998026E-1,3.790092468E0,2.500000000E0,3.000000000E1
3.513090585E2,3.621620489E1,-8.168390370E1,9.770185532E2,9.447874756E2,1.710000038E0,3.213999939E2,6.018780360E-1,3.790092468E0,2.500000000E0,3.200000000E1
3.523090886E2,3.621621743E1,-8.168391411E1,9.769698398E2,9.447387695E2,1.750000000E0,3.237000122E2,6.035775173E-1,3.790092468E0,2.500000000E0,3.200000000E1
3.533090730E2,3.621622960E1,-8.168392557E1,9.771365798E2,9.449055176E2,1.759999990E0,3.240000000E2,6.051135513E-1,3.790092468E0,2.500000000E0,3.100000000E1
3.543090308E2,3.621624113E1,-8.168393500E1,9.773414072E2,9.451103516E2,1.590000033E0,3.283999939E2,6.067478151E-1,3.790092468E0,2.500000000E0,3.200000000E1
3.553095603E2,3.621625370E1,-8.168394444E1,9.774674992E2,9.452364502E2,1.740000010E0,3.292999878E2,6.083774481E-1,3.790092468E0,2.500000000E0,3.000000000E1
3.563092211E2,3.621626627E1,-8.168395378E1,9.775865112E2,9.453554688E2,1.750000000E0,3.278999939E2,6.101053633E-1,3.790092468E0,2.500000000E0,3.000000000E1
3.573091349E2,3.621627959E1,-8.168396370E1,9.779444144E2,9.457133789E2,1.789999962E0,3.262000122E2,6.117097535E-1,3.790092468E0,2.500000000E0,3.000000000E1
3.583088389E2,3.621629167E1,-8.168397348E1,9.782069808E2,9.459759521E2,1.690000057E0,3.256000061E2,6.132971242E-1,3.790092468E0,2.500000000E0,3.000000000E1
3.593094791E2,3.621630319E1,-8.168398393E1,9.781841464E2,9.459531250E2,1.690000057E0,3.238999939E2,6.149559128E-1,3.790092468E0,2.500000000E0,3.000000000E1
3.603093031E2,3.621631482E1,-8.168399551E1,9.782387037E2,9.460076904E2,1.659999967E0,3.221000061E2,6.167083779E-1,3.790092468E0,2.500000000E0,2.900000000E1
3.613091862E2,3.621632832E1,-8.168400559E1,9.781125980E2,9.458815918E2,1.700000048E0,3.282000122E2,6.185382398E-1,3.790092468E0,2.500000000E0,2.800000000E1
3.623090228E2,3.621634236E1,-8.168401623E1,9.782948415E2,9.460638428E2,1.659999967E0,3.242999878E2,6.197099596E-1,3.790092468E0,2.500000000E0,2.900000000E1
3.633094983E2,3.621635062E1,-8.168402434E1,9.782505243E2,9.460195312E2,9.900000095E-1,3.185000000E2,6.212978491E-1,3.790092468E0,2.500000000E0,3.100000000E1
3.643094213E2,3.621636142E1,-8.168403592E1,9.784997837E2,9.462687988E2,1.600000024E0,3.217999878E2,6.227849953E-1,3.790092468E0,2.500000000E0,3.100000000E1
3.653090515E2,3.621637099E1,-8.168404750E1,9.788955276E2,9.466645508E2,1.509999990E0,3.141000061E2,6.244332174E-1,3.790092468E0,2.500000000E0,3.100000000E1
3.663088104E2,3.621638135E1,-8.168406064E1,9.789462996E2,9.467153320E2,1.629999995E0,3.147999878E2,6.261252775E-1,3.790092468E0,2.500000000E0,3.100000000E1
3.673090500E2,3.621639309E1,-8.168407264E1,9.790063497E2,9.467753906E2,1.629999995E0,3.183999939E2,6.279783731E-1,3.790092468E0,2.500000000E0,3.100000000E1
3.683087967E2,3.621640617E1,-8.168408544E1,9.789743583E2,9.467434082E2,1.639999986E0,3.181000061E2,6.298776689E-1,3.790092468E0,2.500000000E0,2.900000000E1
3.693094367E2,3.621641955E1,-8.168409860E1,9.790796958E2,9.468487549E2,1.649999976E0,3.210000000E2,6.316912401E-1,3.790092468E0,2.500000000E0,3.000000000E1
3.703089841E2,3.621643184E1,-8.168411189E1,9.792145742E2,9.469836426E2,1.730000019E0,3.245000000E2,6.334491992E-1,3.790092468E0,2.500000000E0,3.000000000E1
3.713088110E2,3.621644333E1,-8.168412535E1,9.792035784E2,9.469726562E2,1.639999986E0,3.223999939E2,6.351777957E-1,3.790092468E0,2.500000000E0,3.000000000E1
3.723093964E2,3.621645467E1,-8.168413853E1,9.792116258E2,9.469807129E2,1.720000029E0,3.197999878E2,6.369793709E-1,3.790092468E0,2.500000000E0,3.000000000E1
3.733088289E2,3.621646627E1,-8.168415255E1,9.791858591E2,9.469549561E2,1.750000000E0,3.167999878E2,6.387176592E-1,3.790092468E0,2.500000000E0,3.200000000E1
3.743089625E2,3.621647673E1,-8.168416695E1,9.790031097E2,9.467722168E2,1.710000038E0,3.138999939E2,6.404585035E-1,3.790092468E0,2.500000000E0,3.200000000E1
3.753095569E2,3.621648695E1,-8.168418165E1,9.790798816E2,9.468489990E2,1.710000038E0,3.167000122E2,6.421391867E-1,3.790092468E0,2.500000000E0,3.200000000E1
3.763094851E2,3.621649823E1,-8.168419412E1,9.793393943E2,9.471085205E2,1.610000014E0,3.210000000E2,6.437647808E-1,3.790092468E0,2.500000000E0,3.200000000E1
3.773093131E2,3.621651221E1,-8.168419942E1,9.792639512E2,9.470330811E2,1.649999976E0,3.421000061E2,6.453639568E-1,3.790092468E0,2.500000000E0,3.200000000E1
3.783091695E2,3.621652658E1,-8.168420014E1,9.794562115E2,9.472253418E2,1.639999986E0,3.547999878E2,6.470832444E-1,3.790092468E0,2.500000000E0,3.200000000E1
3.793089459E2,3.621654187E1,-8.168419729E1,9.795616824E2,9.473308105E2,1.669999957E0,3.595000000E2,6.487931768E-1,3.790092468E0,2.500000000E0,3.100000000E1
3.803097770E2,3.621655707E1,-8.168420018E1,9.794435163E2,9.472126465E2,1.710000038E0,3.408999939E2,6.505307696E-1,3.790092468E0,2.500000000E0,3.100000000E1
3.813087690E2,3.621656843E1,-8.168421348E1,9.795243175E2,9.472934570E2,1.789999962E0,3.126000061E2,6.524235245E-1,3.790092468E0,2.500000000E0,3.100000000E1
3.823095289E2,3.621657471E1,-8.168423309E1,9.796549189E2,9.474240723E2,1.779999971E0,2.947000122E2,6.543327370E-1,3.790092468E0,2.500000000E0,3.100000000E1
3.833089948E2,3.621657838E1,-8.168425388E1,9.797669648E2,9.475361328E2,1.779999971E0,2.877999878E2,6.562631208E-1,3.790092468E0,2.500000000E0,3.100000000E1
3.843093153E2,3.621658121E1,-8.168427511E1,9.796989567E2,9.474681396E2,1.820000052E0,2.838999939E2,6.581983623E-1,3.790092468E0,2.500000000E0,3.100000000E1
3.853091384E2,3.621658179E1,-8.168429667E1,9.796863682E2,9.474555664E2,1.759999990E0,2.837000122E2,6.600292133E-1,3.790092468E0,2.500000000E0,3.100000000E1
3.863087632E2,3.621658408E1,-8.168431688E1,9.797272475E2,9.474964600E2,1.769999981E0,2.861000061E2,6.618563561E-1,3.790092468E0,2.500000000E0,3.100000000E1
3.873094988E2,3.621658636E1,-8.168433705E1,9.799248650E2,9.476940918E2,1.740000010E0,2.795000000E2,6.635809918E-1,3.790092468E0,2.500000000E0,3.100000000E1
3.883093295E2,3.621658856E1,-8.168435608E1,9.799744121E2,9.477436523E2,1.720000029E0,2.792999878E2,6.653523378E-1,3.790092468E0,2.500000000E0,3.100000000E1
3.893088145E2,3.621659042E1,-8.168437569E1,9.801643397E2,9.479335938E2,1.710000038E0,2.802000122E2,6.670635972E-1,3.790092468E0,2.500000000E0,3.100000000E1
3.903094692E2,3.621659288E1,-8.168439452E1,9.802700393E2,9.480393066E2,1.679999948E0,2.813999939E2,6.687773637E-1,3.790092468E0,2.500000000E0,3.100000000E1
3.913092866E2,3.621659557E1,-8.168441333E1,9.802817448E2,9.480510254E2,1.679999948E0,2.818999939E2,6.704364866E-1,3.790092468E0,2.500000000E0,3.000000000E1
3.923093737E2,3.621659903E1,-8.168443132E1,9.803992858E2,9.481685791E2,1.649999976E0,2.827999878E2,6.720644823E-1,3.790092468E0,2.500000000E0,3.100000000E1
3.933091609E2,3.621660263E1,-8.168444891E1,9.803305478E2,9.480998535E2,1.629999995E0,2.840000000E2,6.738366849E-1,3.790092468E0,2.500000000E0,3.000000000E1
3.943089045E2,3.621660638E1,-8.168446811E1,9.804688399E2,9.482381592E2,1.740000010E0,2.848999939E2,6.756166237E-1,3.790092468E0,2.500000000E0,3.000000000E1
3.953090439E2,3.621660981E1,-8.168448749E1,9.805232695E2,9.482926025E2,1.690000057E0,2.822999878E2,6.772155977E-1,3.790092468E0,2.500000000E0,3.000000000E1
3.963088289E2,3.621661289E1,-8.168450490E1,9.805211821E2,9.482905273E2,1.549999952E0,2.833999939E2,6.789363968E-1,3.790092468E0,2.500000000E0,3.000000000E1
3.973095742E2,3.621661745E1,-8.168452323E1,9.804542746E2,9.482236328E2,1.629999995E0,2.873999939E2,6.805512570E-1,3.790092468E0,2.500000000E0,2.900000000E1
3.983093378E2,3.621662283E1,-8.168453995E1,9.802756739E2,9.480450439E2,1.620000005E0,2.922999878E2,6.822690141E-1,3.790092468E0,2.500000000E0,2.900000000E1
3.993091834E2,3.621662787E1,-8.168455805E1,9.802198750E2,9.479892578E2,1.639999986E0,2.886000061E2,6.840192351E-1,3.790092468E0,2.500000000E0,3.000000000E1
4.003088848E2,3.621663233E1,-8.168457676E1,9.801582163E2,9.479276123E2,1.620000005E0,2.862000122E2,6.857221272E-1,3.790092468E0,2.500000000E0,3.000000000E1
4.013096339E2,3.621663657E1,-8.168459500E1,9.798232425E2,9.475926514E2,1.629999995E0,2.872999878E2,6.874974525E-1,3.790092468E0,2.500000000E0,3.000000000E1
4.023093130E2,3.621664138E1,-8.168461387E1,9.800107292E2,9.477801514E2,1.720000029E0,2.892000122E2,6.892691161E-1,3.790092468E0,2.500000000E0,3.000000000E1
4.033090842E2,3.621664965E1,-8.168463075E1,9.799720210E2,9.477414551E2,1.610000014E0,3.013999939E2,6.909563837E-1,3.790092468E0,2.500000000E0,3.000000000E1
4.043088505E2,3.621666126E1,-8.168464286E1,9.802391024E2,9.480085449E2,1.700000048E0,3.120000000E2,6.926632451E-1,3.790092468E0,2.500000000E0,3.000000000E1
4.053095180E2,3.621667293E1,-8.168465522E1,9.803826484E2,9.481520996E2,1.750000000E0,3.103999939E2,6.944101435E-1,3.790092468E0,2.500000000E0,3.000000000E1
4.063093602E2,3.621668368E1,-8.168466942E1,9.806056609E2,9.483751221E2,1.759999990E0,3.097000122E2,6.961689830E-1,3.790092468E0,2.500000000E0,3.000000000E1
4.073088610E2,3.621669351E1,-8.168468478E1,9.808561384E2,9.486256104E2,1.720000029E0,3.092000122E2,6.978162483E-1,3.790092468E0,2.500000000E0,3.000000000E1
4.083088297E2,3.621670299E1,-8.168469889E1,9.810410650E2,9.488105469E2,1.679999948E0,3.092000122E2,6.994774540E-1,3.790092468E0,2.500000000E0,3.000000000E1
4.093087873E2,3.621671095E1,-8.168471456E1,9.811833879E2,9.489528809E2,1.600000024E0,3.038999939E2,7.010186621E-1,3.790092468E0,2.500000000E0,3.000000000E1
4.103095630E2,3.621671945E1,-8.168472813E1,9.813887007E2,9.491582031E2,1.549999952E0,3.073999939E2,7.026631557E-1,3.790092468E0,2.500000000E0,3.000000000E1
4.113089529E2,3.621673063E1,-8.168474013E1,9.815799764E2,9.493494873E2,1.529999971E0,3.173999939E2,7.044675289E-1,3.790092468E0,2.500000000E0,2.900000000E1
4.123096556E2,3.621674421E1,-8.168475114E1,9.812812627E2,9.490507812E2,1.529999971E0,3.217000122E2,7.062627131E-1,3.790092468E0,2.500000000E0,2.800000000E1
4.133096568E2,3.621676007E1,-8.168475488E1,9.811906839E2,9.489602051E2,1.549999952E0,3.470000000E2,7.078193135E-1,3.790092468E0,2.500000000E0,2.800000000E1
4.143088274E2,3.621677405E1,-8.168475398E1,9.794589952E2,9.472285156E2,1.370000005E0,4.400000095E0,7.092066843E-1,3.790092468E0,2.500000000E0,2.700000000E1
4.153091848E2,3.621678648E1,-8.168475532E1,9.781303811E2,9.458999023E2,1.259999990E0,3.550000000E2,7.108499749E-1,3.790092468E0,2.500000000E0,2.600000000E1
4.163088169E2,3.621679914E1,-8.168476477E1,9.772180209E2,9.449875488E2,1.610000014E0,3.310000000E2,7.123828955E-1,3.790092468E0,2.500000000E0,2.500000000E1
4.173093981E2,3.621680830E1,-8.168477754E1,9.774510442E2,9.452205811E2,1.419999957E0,3.178999939E2,7.138420692E-1,3.790092468E0,2.500000000E0,2.500000000E1
4.183096934E2,3.621681922E1,-8.168478656E1,9.773754764E2,9.451450195E2,1.440000057E0,3.271000061E2,7.152672587E-1,3.790092468E0,2.500000000E0,2.400000000E1
4.193090005E2,3.621682910E1,-8.168479668E1,9.773559380E2,9.451254883E2,1.360000014E0,3.222000122E2,7.166660372E-1,3.790092468E0,2.500000000E0,2.300000000E1
4.203097357E2,3.621683781E1,-8.168480793E1,9.773649633E2,9.451345215E2,1.330000043E0,3.167000122E2,7.180681686E-1,3.790092468E0,2.500000000E0,2.100000000E1
4.213091378E2,3.621684559E1,-8.168482023E1,9.772548473E2,9.450244141E2,1.350000024E0,3.120000000E2,7.194863511E-1,3.790092468E0,2.500000000E0,2.000000000E1
4.223095198E2,3.621685475E1,-8.168483123E1,9.767377497E2,9.445073242E2,1.389999986E0,3.191000061E2,7.209019083E-1,3.790092468E0,2.500000000E0,2.000000000E1
4.233090222E2,3.621686583E1,-8.168483900E1,9.763747072E2,9.441442871E2,1.370000005E0,3.286000061E2,7.224262546E-1,3.790092468E0,2.500000000E0,2.100000000E1
4.243094298E2,3.621687873E1,-8.168484475E1,9.758444297E2,9.436140137E2,1.490000010E0,3.340000000E2,7.236508841E-1,3.790092468E0,2.500000000E0,2.100000000E1
4.253089451E2,3.621688667E1,-8.168485421E1,9.752592180E2,9.430288086E2,1.309999943E0,3.157999878E2,7.241933214E-1,3.790092468E0,2.500000000E0,2.100000000E1
4.263092895E2,3.621688946E1,-8.168485917E1,9.752465192E2,9.430161133E2,7.300000191E-1,3.157999878E2,7.247630491E-1,3.790092468E0,2.500000000E0,1.900000000E1
4.273089145E2,3.621689412E1,-8.168486181E1,9.750263025E2,9.427958984E2,8.999999762E-1,3.166000061E2,7.255593428E-1,3.790092468E0,2.518796444E0,1.800000000E1
4.283093340E2,3.621690107E1,-8.168486395E1,9.751691233E2,9.429387207E2,8.999999762E-1,3.277999878E2,7.259953935E-1,3.790092468E0,3.102312803E0,1.700000000E1
4.293096480E2,3.621690432E1,-8.168486123E1,9.752589690E2,9.430285645E2,8.899999857E-1,3.281000061E2,7.267238821E-1,4.147195339E0,3.459715128E0,1.700000000E1
4.303093031E2,3.621691086E1,-8.168486171E1,9.755034756E2,9.432730713E2,8.199999928E-1,3.378999939E2,7.284093632E-1,4.721562862E0,3.814558506E0,2.000000000E1
4.313092224E2,3.621692272E1,-8.168485001E1,9.754743091E2,9.432438965E2,1.360000014E0,1.879999924E1,7.298228633E-1,5.193126202E0,4.221166134E0,1.900000000E1
4.323096856E2,3.621693247E1,-8.168483990E1,9.755921142E2,9.433616943E2,1.129999995E0,2.289999962E1,7.311449572E-1,5.408787727E0,4.638861656E0,2.000000000E1
4.333094155E2,3.621694191E1,-8.168483094E1,9.755700258E2,9.433395996E2,1.129999995E0,2.270000076E1,7.323792394E-1,6.332799911E0,5.592807293E0,1.900000000E1
4.343089481E2,3.621695067E1,-8.168482249E1,9.755690553E2,9.433386230E2,1.120000005E0,2.960000038E1,7.336488972E-1,8.243263245E0,5.775611401E0,1.800000000E1
4.353088141E2,3.621695927E1,-8.168481318E1,9.754711615E2,9.432407227E2,1.149999976E0,3.300000000E1,7.348243414E-1,9.659589767E0,5.816632748E0,1.700000000E1
4.363095116E2,3.621696686E1,-8.168480406E1,9.754662852E2,9.432358398E2,1.149999976E0,3.759999847E1,7.358898169E-1,1.133029366E1,5.899354935E0,1.600000000E1
4.373093703E2,3.621697410E1,-8.168479628E1,9.755158513E2,9.432854004E2,1.100000024E0,4.029999924E1,7.369072576E-1,1.312710762E1,5.999526024E0,1.300000000E1
4.383090823E2,3.621697636E1,-8.168478529E1,9.755041403E2,9.432736816E2,9.499999881E-1,5.059999847E1,7.381411689E-1,1.495447350E1,6.079296112E0,7.000000000E0
4.393095417E2,3.621697608E1,-8.168477154E1,9.755024411E2,9.432719727E2,1.090000033E0,6.430000305E1,7.397734340E-1,1.580189323E1,6.177766800E0,7.000000000E0
4.403090744E2,3.621697405E1,-8.168475352E1,9.754487429E2,9.432182617E2,1.159999967E0,7.290000153E1,7.408392853E-1,1.639589691E1,6.264637470E0,7.000000000E0
4.413090436E2,3.621698040E1,-8.168474462E1,9.756728703E2,9.434423828E2,1.259999990E0,6.340000153E1,7.417199614E-1,1.620445442E1,6.337936401E0,7.000000000E0
4.423097189E2,3.621698764E1,-8.168474860E1,9.758025062E2,9.435720215E2,0.000000000E0,NaN,7.431923309E-1,1.743083382E1,6.909848690E0,7.000000000E0
4.433096956E2,3.621697525E1,-8.168474281E1,9.757815141E2,9.435510254E2,6.700000167E-1,6.340000153E1,7.449734157E-1,1.380048180E1,6.217205048E0,7.000000000E0
4.443088330E2,3.621696094E1,-8.168473389E1,9.757868914E2,9.435563965E2,1.000000000E0,1.465000000E2,7.459314601E-1,1.309862804E1,5.951927662E0,1.500000000E1
4.453097761E2,3.621695270E1,-8.168473077E1,9.758188760E2,9.435883789E2,0.000000000E0,NaN,7.466380440E-1,1.430598068E1,6.403120041E0,1.500000000E1
4.463094115E2,3.621694872E1,-8.168472463E1,9.758764975E2,9.436459961E2,6.600000262E-1,1.468999939E2,7.476397604E-1,1.252117443E1,5.532154083E0,1.600000000E1
4.473092701E2,3.621694767E1,-8.168471354E1,9.758823647E2,9.436518555E2,9.599999785E-1,7.619999695E1,7.481339081E-1,1.218669224E1,5.342682838E0,1.600000000E1
4.483093789E2,3.621694347E1,-8.168471174E1,9.757407644E2,9.435102539E2,0.000000000E0,NaN,7.492095903E-1,1.309052944E1,5.689919472E0,1.400000000E1
4.493089679E2,3.621693683E1,-8.168470302E1,9.758093740E2,9.435788574E2,2.019999981E0,8.150000000E1,7.503783101E-1,1.348063755E1,5.762910366E0,1.300000000E1
4.503091792E2,3.621693856E1,-8.168469017E1,9.769327962E2,9.447022705E2,1.580000043E0,7.719999695E1,7.514054916E-1,1.496136761E1,1.005125809E1,6.000000000E0
4.513090246E2,3.621693620E1,-8.168467910E1,9.771038245E2,9.448732910E2,1.559999943E0,7.680000305E1,7.525808634E-1,1.671180916E1,1.312617397E1,7.000000000E0
4.523089639E2,3.621693559E1,-8.168466602E1,9.775261970E2,9.452956543E2,1.549999952E0,7.780000305E1,7.551264884E-1,1.911353493E1,1.677867508E1,8.000000000E0
4.533097914E2,3.621695839E1,-8.168466346E1,9.820773465E2,9.498468018E2,1.789999962E0,5.479999924E1,7.564441878E-1,2.037066269E1,1.968910980E1,6.000000000E0
4.543092550E2,3.621696942E1,-8.168465809E1,9.847317693E2,9.525012207E2,1.519999981E0,5.579999924E1,7.579133814E-1,1.630206680E1,2.247671318E1,8.000000000E0
4.553092352E2,3.621698262E1,-8.168465881E1,9.778142884E2,9.455837402E2,1.419999957E0,5.779999924E1,7.591882774E-1,1.602239227E1,1.070260429E1,9.000000000E0
4.563094003E2,3.621699369E1,-8.168465511E1,9.778013516E2,9.455708008E2,1.399999976E0,5.590000153E1,7.597544439E-1,1.675503922E1,1.072612286E1,1.000000000E1
4.573094538E2,3.621699848E1,-8.168465725E1,9.778582349E2,9.456276855E2,0.000000000E0,NaN,7.625744243E-1,1.789487839E1,1.105293274E1,9.000000000E0
4.583090940E2,3.621701846E1,-8.168467661E1,9.782564147E2,9.460258789E2,1.639999986E0,3.145000000E2,7.640338349E-1,1.678350639E1,1.077771282E1,7.000000000E0
4.593094769E2,3.621702905E1,-8.168468622E1,9.782886345E2,9.460581055E2,NaN,NaN,7.657806785E-1,1.822673607E1,1.086452007E1,8.000000000E0
4.603092756E2,3.621704425E1,-8.168469114E1,9.778508870E2,9.456203613E2,1.450000048E0,3.498999939E2,7.978553368E-1,1.796049309E1,9.982776642E0,6.000000000E0
4.613095173E2,3.621694230E1,-8.168502560E1,9.659535552E2,9.337232666E2,2.980000019E0,2.870000000E2,7.987611590E-1,1.688287735E1,1.082878017E1,6.000000000E0
4.623092952E2,3.621693617E1,-8.168501895E1,9.667854691E2,9.345551758E2,1.549999952E0,2.943999939E2,7.994888346E-1,1.821403694E1,1.197325993E1,7.000000000E0
4.633092829E2,3.621693311E1,-8.168501178E1,9.671105474E2,9.348802490E2,0.000000000E0,NaN,NaN,1.899048424E1,1.210630417E1,7.000000000E0
